{
  "rmse": 1226.0501513873512,
  "mae": 710.7737660758954,
  "r2": 0.8959722959749543
}